{
  "model": "bert-base-uncased",
  "mode": "ablation_random_scalar",
  "random_scalar": true,
  "epochs": 3,
  "batch_size": 16,
  "lr": 2e-05,
  "seed": 42,
  "best_val_acc": 0.79,
  "training_history": [
    {
      "epoch": 1,
      "train_loss": 0.6745,
      "val_acc": 0.75,
      "val_f1": 0.7457
    },
    {
      "epoch": 2,
      "train_loss": 0.4245,
      "val_acc": 0.785,
      "val_f1": 0.785
    },
    {
      "epoch": 3,
      "train_loss": 0.2518,
      "val_acc": 0.79,
      "val_f1": 0.79
    }
  ],
  "benchmark_overall": {
    "accuracy": 0.6094,
    "macro_f1": 0.609
  },
  "benchmark_subsets": {
    "hedged": {
      "n": 128,
      "accuracy": 0.6484,
      "macro_f1": 0.6482,
      "report": {
        "negative": {
          "precision": 0.6417910447761194,
          "recall": 0.671875,
          "f1-score": 0.6564885496183206,
          "support": 64.0
        },
        "positive": {
          "precision": 0.6557377049180327,
          "recall": 0.625,
          "f1-score": 0.64,
          "support": 64.0
        },
        "accuracy": 0.6484375,
        "macro avg": {
          "precision": 0.648764374847076,
          "recall": 0.6484375,
          "f1-score": 0.6482442748091604,
          "support": 128.0
        },
        "weighted avg": {
          "precision": 0.648764374847076,
          "recall": 0.6484375,
          "f1-score": 0.6482442748091604,
          "support": 128.0
        }
      }
    },
    "direct": {
      "n": 128,
      "accuracy": 0.5547,
      "macro_f1": 0.5544,
      "report": {
        "negative": {
          "precision": 0.5522388059701493,
          "recall": 0.578125,
          "f1-score": 0.5648854961832062,
          "support": 64.0
        },
        "positive": {
          "precision": 0.5573770491803278,
          "recall": 0.53125,
          "f1-score": 0.544,
          "support": 64.0
        },
        "accuracy": 0.5546875,
        "macro avg": {
          "precision": 0.5548079275752386,
          "recall": 0.5546875,
          "f1-score": 0.5544427480916031,
          "support": 128.0
        },
        "weighted avg": {
          "precision": 0.5548079275752386,
          "recall": 0.5546875,
          "f1-score": 0.5544427480916031,
          "support": 128.0
        }
      }
    },
    "accuracy_gap_direct_minus_hedged": -0.0937
  }
}