{
  "model": "bert-base-uncased",
  "mode": "hedgebert",
  "random_scalar": false,
  "epochs": 3,
  "batch_size": 16,
  "lr": 2e-05,
  "seed": 42,
  "best_val_acc": 0.765,
  "training_history": [
    {
      "epoch": 1,
      "train_loss": 0.675,
      "val_acc": 0.74,
      "val_f1": 0.7355
    },
    {
      "epoch": 2,
      "train_loss": 0.4242,
      "val_acc": 0.765,
      "val_f1": 0.7649
    },
    {
      "epoch": 3,
      "train_loss": 0.2536,
      "val_acc": 0.76,
      "val_f1": 0.7599
    }
  ],
  "benchmark_overall": {
    "accuracy": 0.6133,
    "macro_f1": 0.6119
  },
  "benchmark_subsets": {
    "hedged": {
      "n": 128,
      "accuracy": 0.6328,
      "macro_f1": 0.6317,
      "report": {
        "negative": {
          "precision": 0.6197183098591549,
          "recall": 0.6875,
          "f1-score": 0.6518518518518519,
          "support": 64.0
        },
        "positive": {
          "precision": 0.6491228070175439,
          "recall": 0.578125,
          "f1-score": 0.6115702479338843,
          "support": 64.0
        },
        "accuracy": 0.6328125,
        "macro avg": {
          "precision": 0.6344205584383493,
          "recall": 0.6328125,
          "f1-score": 0.6317110498928681,
          "support": 128.0
        },
        "weighted avg": {
          "precision": 0.6344205584383493,
          "recall": 0.6328125,
          "f1-score": 0.6317110498928681,
          "support": 128.0
        }
      }
    },
    "direct": {
      "n": 128,
      "accuracy": 0.5938,
      "macro_f1": 0.5922,
      "report": {
        "negative": {
          "precision": 0.5833333333333334,
          "recall": 0.65625,
          "f1-score": 0.6176470588235294,
          "support": 64.0
        },
        "positive": {
          "precision": 0.6071428571428571,
          "recall": 0.53125,
          "f1-score": 0.5666666666666667,
          "support": 64.0
        },
        "accuracy": 0.59375,
        "macro avg": {
          "precision": 0.5952380952380952,
          "recall": 0.59375,
          "f1-score": 0.592156862745098,
          "support": 128.0
        },
        "weighted avg": {
          "precision": 0.5952380952380952,
          "recall": 0.59375,
          "f1-score": 0.592156862745098,
          "support": 128.0
        }
      }
    },
    "accuracy_gap_direct_minus_hedged": -0.039
  }
}