{
  "model": "bert-base-uncased",
  "epochs": 3,
  "batch_size": 16,
  "lr": 2e-05,
  "seed": 42,
  "best_val_acc": 0.795,
  "training_history": [
    {
      "epoch": 1,
      "train_loss": 0.6287,
      "val_acc": 0.745,
      "val_f1": 0.7447
    },
    {
      "epoch": 2,
      "train_loss": 0.4357,
      "val_acc": 0.795,
      "val_f1": 0.7931
    },
    {
      "epoch": 3,
      "train_loss": 0.2708,
      "val_acc": 0.795,
      "val_f1": 0.7941
    }
  ],
  "benchmark_overall": {
    "accuracy": 0.5859,
    "macro_f1": 0.5843
  },
  "benchmark_subsets": {
    "hedged": {
      "n": 128,
      "accuracy": 0.6172,
      "macro_f1": 0.6143,
      "report": {
        "negative": {
          "precision": 0.6415094339622641,
          "recall": 0.53125,
          "f1-score": 0.5811965811965812,
          "support": 64.0
        },
        "positive": {
          "precision": 0.6,
          "recall": 0.703125,
          "f1-score": 0.6474820143884892,
          "support": 64.0
        },
        "accuracy": 0.6171875,
        "macro avg": {
          "precision": 0.620754716981132,
          "recall": 0.6171875,
          "f1-score": 0.6143392977925353,
          "support": 128.0
        },
        "weighted avg": {
          "precision": 0.620754716981132,
          "recall": 0.6171875,
          "f1-score": 0.6143392977925353,
          "support": 128.0
        }
      }
    },
    "direct": {
      "n": 128,
      "accuracy": 0.5547,
      "macro_f1": 0.554,
      "report": {
        "negative": {
          "precision": 0.559322033898305,
          "recall": 0.515625,
          "f1-score": 0.5365853658536586,
          "support": 64.0
        },
        "positive": {
          "precision": 0.5507246376811594,
          "recall": 0.59375,
          "f1-score": 0.5714285714285714,
          "support": 64.0
        },
        "accuracy": 0.5546875,
        "macro avg": {
          "precision": 0.5550233357897323,
          "recall": 0.5546875,
          "f1-score": 0.554006968641115,
          "support": 128.0
        },
        "weighted avg": {
          "precision": 0.5550233357897323,
          "recall": 0.5546875,
          "f1-score": 0.554006968641115,
          "support": 128.0
        }
      }
    },
    "accuracy_gap_direct_minus_hedged": -0.0625
  }
}